{"operation": "union", "left": {"operation": "union", "left": {"operation": "union", "left": {"operation": "union", "left": {"operation": "union", "left": {"operation": "union", "left": {"operation": "union", "left": {"operation": "union", "left": {"operation": "union", "left": {"operation": "union", "left": {"operation": "union", "left": {"operation": "union", "left": {"operation": "union", "left": {"operation": "union", "left": {"operation": "union", "left": {"operation": "union", "left": {"operation": "union", "left": {"operation": "union", "left": {"operation": "union", "left": {"operation": "union", "left": {"operation": "union", "left": {"operation": "union", "left": {"operation": "union", "left": {"operation": "union", "left": {"operation": "union", "left": {"operation": "union", "left": {"operation": "union", "left": {"operation": "union", "left": {"operation": "union", "left": {"operation": "union", "left": {"operation": "union", "left": {"operation": "union", "left": {"operation": "union", "left": {"operation": "union", "left": {"operation": "union", "left": {"operation": "union", "left": {"operation": "union", "left": {"operation": "union", "left": {"operation": "union", "left": {"operation": "union", "left": {"operation": "union", "left": {"operation": "union", "left": {"operation": "union", "left": {"operation": "union", "left": {"operation": "union", "left": {"operation": "union", "left": {"operation": "union", "left": {"operation": "union", "left": {"operation": "union", "left": {"operation": "union", "left": "results/meshes/minnie65_position-225182-107314-22000_mip-2_size-5000/ncells-50_expand-3_smoothiter-2_smoothradius-40_shrink-1/eps-4/bbox.ply", "right": "results/surfaces/minnie65_position-225182-107314-22000_mip-2_size-5000/ncells-50_expand-3_smoothiter-2_smoothradius-40_shrink-1/864691134617300529.ply"}, "right": "results/surfaces/minnie65_position-225182-107314-22000_mip-2_size-5000/ncells-50_expand-3_smoothiter-2_smoothradius-40_shrink-1/864691135012730358.ply"}, "right": "results/surfaces/minnie65_position-225182-107314-22000_mip-2_size-5000/ncells-50_expand-3_smoothiter-2_smoothradius-40_shrink-1/864691135012883094.ply"}, "right": "results/surfaces/minnie65_position-225182-107314-22000_mip-2_size-5000/ncells-50_expand-3_smoothiter-2_smoothradius-40_shrink-1/864691135081731575.ply"}, "right": "results/surfaces/minnie65_position-225182-107314-22000_mip-2_size-5000/ncells-50_expand-3_smoothiter-2_smoothradius-40_shrink-1/864691135134720537.ply"}, "right": "results/surfaces/minnie65_position-225182-107314-22000_mip-2_size-5000/ncells-50_expand-3_smoothiter-2_smoothradius-40_shrink-1/864691135180988537.ply"}, "right": "results/surfaces/minnie65_position-225182-107314-22000_mip-2_size-5000/ncells-50_expand-3_smoothiter-2_smoothradius-40_shrink-1/864691135191661689.ply"}, "right": "results/surfaces/minnie65_position-225182-107314-22000_mip-2_size-5000/ncells-50_expand-3_smoothiter-2_smoothradius-40_shrink-1/864691135274093029.ply"}, "right": "results/surfaces/minnie65_position-225182-107314-22000_mip-2_size-5000/ncells-50_expand-3_smoothiter-2_smoothradius-40_shrink-1/864691135337771494.ply"}, "right": "results/surfaces/minnie65_position-225182-107314-22000_mip-2_size-5000/ncells-50_expand-3_smoothiter-2_smoothradius-40_shrink-1/864691135366114750.ply"}, "right": "results/surfaces/minnie65_position-225182-107314-22000_mip-2_size-5000/ncells-50_expand-3_smoothiter-2_smoothradius-40_shrink-1/864691135367019513.ply"}, "right": "results/surfaces/minnie65_position-225182-107314-22000_mip-2_size-5000/ncells-50_expand-3_smoothiter-2_smoothradius-40_shrink-1/864691135398304498.ply"}, "right": "results/surfaces/minnie65_position-225182-107314-22000_mip-2_size-5000/ncells-50_expand-3_smoothiter-2_smoothradius-40_shrink-1/864691135405946302.ply"}, "right": "results/surfaces/minnie65_position-225182-107314-22000_mip-2_size-5000/ncells-50_expand-3_smoothiter-2_smoothradius-40_shrink-1/864691135418707557.ply"}, "right": "results/surfaces/minnie65_position-225182-107314-22000_mip-2_size-5000/ncells-50_expand-3_smoothiter-2_smoothradius-40_shrink-1/864691135418739813.ply"}, "right": "results/surfaces/minnie65_position-225182-107314-22000_mip-2_size-5000/ncells-50_expand-3_smoothiter-2_smoothradius-40_shrink-1/864691135419985509.ply"}, "right": "results/surfaces/minnie65_position-225182-107314-22000_mip-2_size-5000/ncells-50_expand-3_smoothiter-2_smoothradius-40_shrink-1/864691135451061803.ply"}, "right": "results/surfaces/minnie65_position-225182-107314-22000_mip-2_size-5000/ncells-50_expand-3_smoothiter-2_smoothradius-40_shrink-1/864691135460272229.ply"}, "right": "results/surfaces/minnie65_position-225182-107314-22000_mip-2_size-5000/ncells-50_expand-3_smoothiter-2_smoothradius-40_shrink-1/864691135462270365.ply"}, "right": "results/surfaces/minnie65_position-225182-107314-22000_mip-2_size-5000/ncells-50_expand-3_smoothiter-2_smoothradius-40_shrink-1/864691135462717246.ply"}, "right": "results/surfaces/minnie65_position-225182-107314-22000_mip-2_size-5000/ncells-50_expand-3_smoothiter-2_smoothradius-40_shrink-1/864691135472179506.ply"}, "right": "results/surfaces/minnie65_position-225182-107314-22000_mip-2_size-5000/ncells-50_expand-3_smoothiter-2_smoothradius-40_shrink-1/864691135490822119.ply"}, "right": "results/surfaces/minnie65_position-225182-107314-22000_mip-2_size-5000/ncells-50_expand-3_smoothiter-2_smoothradius-40_shrink-1/864691135501603138.ply"}, "right": "results/surfaces/minnie65_position-225182-107314-22000_mip-2_size-5000/ncells-50_expand-3_smoothiter-2_smoothradius-40_shrink-1/864691135560532961.ply"}, "right": "results/surfaces/minnie65_position-225182-107314-22000_mip-2_size-5000/ncells-50_expand-3_smoothiter-2_smoothradius-40_shrink-1/864691135564547607.ply"}, "right": "results/surfaces/minnie65_position-225182-107314-22000_mip-2_size-5000/ncells-50_expand-3_smoothiter-2_smoothradius-40_shrink-1/864691135585319292.ply"}, "right": "results/surfaces/minnie65_position-225182-107314-22000_mip-2_size-5000/ncells-50_expand-3_smoothiter-2_smoothradius-40_shrink-1/864691135600739395.ply"}, "right": "results/surfaces/minnie65_position-225182-107314-22000_mip-2_size-5000/ncells-50_expand-3_smoothiter-2_smoothradius-40_shrink-1/864691135629311043.ply"}, "right": "results/surfaces/minnie65_position-225182-107314-22000_mip-2_size-5000/ncells-50_expand-3_smoothiter-2_smoothradius-40_shrink-1/864691135675330756.ply"}, "right": "results/surfaces/minnie65_position-225182-107314-22000_mip-2_size-5000/ncells-50_expand-3_smoothiter-2_smoothradius-40_shrink-1/864691135700274555.ply"}, "right": "results/surfaces/minnie65_position-225182-107314-22000_mip-2_size-5000/ncells-50_expand-3_smoothiter-2_smoothradius-40_shrink-1/864691135737507697.ply"}, "right": "results/surfaces/minnie65_position-225182-107314-22000_mip-2_size-5000/ncells-50_expand-3_smoothiter-2_smoothradius-40_shrink-1/864691135758461544.ply"}, "right": "results/surfaces/minnie65_position-225182-107314-22000_mip-2_size-5000/ncells-50_expand-3_smoothiter-2_smoothradius-40_shrink-1/864691135758477390.ply"}, "right": "results/surfaces/minnie65_position-225182-107314-22000_mip-2_size-5000/ncells-50_expand-3_smoothiter-2_smoothradius-40_shrink-1/864691135864483806.ply"}, "right": "results/surfaces/minnie65_position-225182-107314-22000_mip-2_size-5000/ncells-50_expand-3_smoothiter-2_smoothradius-40_shrink-1/864691135865833349.ply"}, "right": "results/surfaces/minnie65_position-225182-107314-22000_mip-2_size-5000/ncells-50_expand-3_smoothiter-2_smoothradius-40_shrink-1/864691135926430932.ply"}, "right": "results/surfaces/minnie65_position-225182-107314-22000_mip-2_size-5000/ncells-50_expand-3_smoothiter-2_smoothradius-40_shrink-1/864691135937206020.ply"}, "right": "results/surfaces/minnie65_position-225182-107314-22000_mip-2_size-5000/ncells-50_expand-3_smoothiter-2_smoothradius-40_shrink-1/864691135992201608.ply"}, "right": "results/surfaces/minnie65_position-225182-107314-22000_mip-2_size-5000/ncells-50_expand-3_smoothiter-2_smoothradius-40_shrink-1/864691135992644744.ply"}, "right": "results/surfaces/minnie65_position-225182-107314-22000_mip-2_size-5000/ncells-50_expand-3_smoothiter-2_smoothradius-40_shrink-1/864691136000375688.ply"}, "right": "results/surfaces/minnie65_position-225182-107314-22000_mip-2_size-5000/ncells-50_expand-3_smoothiter-2_smoothradius-40_shrink-1/864691136093679833.ply"}, "right": "results/surfaces/minnie65_position-225182-107314-22000_mip-2_size-5000/ncells-50_expand-3_smoothiter-2_smoothradius-40_shrink-1/864691136094217945.ply"}, "right": "results/surfaces/minnie65_position-225182-107314-22000_mip-2_size-5000/ncells-50_expand-3_smoothiter-2_smoothradius-40_shrink-1/864691136143425588.ply"}, "right": "results/surfaces/minnie65_position-225182-107314-22000_mip-2_size-5000/ncells-50_expand-3_smoothiter-2_smoothradius-40_shrink-1/864691136309927514.ply"}, "right": "results/surfaces/minnie65_position-225182-107314-22000_mip-2_size-5000/ncells-50_expand-3_smoothiter-2_smoothradius-40_shrink-1/864691136451110143.ply"}, "right": "results/surfaces/minnie65_position-225182-107314-22000_mip-2_size-5000/ncells-50_expand-3_smoothiter-2_smoothradius-40_shrink-1/864691136682513270.ply"}, "right": "results/surfaces/minnie65_position-225182-107314-22000_mip-2_size-5000/ncells-50_expand-3_smoothiter-2_smoothradius-40_shrink-1/864691136719820918.ply"}, "right": "results/surfaces/minnie65_position-225182-107314-22000_mip-2_size-5000/ncells-50_expand-3_smoothiter-2_smoothradius-40_shrink-1/864691136735419254.ply"}, "right": "results/surfaces/minnie65_position-225182-107314-22000_mip-2_size-5000/ncells-50_expand-3_smoothiter-2_smoothradius-40_shrink-1/864691136912917870.ply"}, "right": "results/surfaces/minnie65_position-225182-107314-22000_mip-2_size-5000/ncells-50_expand-3_smoothiter-2_smoothradius-40_shrink-1/864691136973657884.ply"}