{"operation": "union", "left": {"operation": "union", "left": {"operation": "union", "left": {"operation": "union", "left": {"operation": "union", "left": {"operation": "union", "left": {"operation": "union", "left": {"operation": "union", "left": {"operation": "union", "left": {"operation": "union", "left": {"operation": "union", "left": {"operation": "union", "left": {"operation": "union", "left": {"operation": "union", "left": {"operation": "union", "left": {"operation": "union", "left": {"operation": "union", "left": {"operation": "union", "left": {"operation": "union", "left": {"operation": "union", "left": {"operation": "union", "left": {"operation": "union", "left": {"operation": "union", "left": {"operation": "union", "left": {"operation": "union", "left": {"operation": "union", "left": {"operation": "union", "left": {"operation": "union", "left": {"operation": "union", "left": {"operation": "union", "left": {"operation": "union", "left": {"operation": "union", "left": {"operation": "union", "left": {"operation": "union", "left": {"operation": "union", "left": {"operation": "union", "left": {"operation": "union", "left": {"operation": "union", "left": {"operation": "union", "left": {"operation": "union", "left": {"operation": "union", "left": {"operation": "union", "left": {"operation": "union", "left": {"operation": "union", "left": {"operation": "union", "left": {"operation": "union", "left": {"operation": "union", "left": {"operation": "union", "left": {"operation": "union", "left": {"operation": "union", "left": {"operation": "union", "left": {"operation": "union", "left": {"operation": "union", "left": {"operation": "union", "left": {"operation": "union", "left": {"operation": "union", "left": {"operation": "union", "left": {"operation": "union", "left": {"operation": "union", "left": {"operation": "union", "left": {"operation": "union", "left": {"operation": "union", "left": {"operation": "union", "left": {"operation": "union", "left": {"operation": "union", "left": {"operation": "union", "left": {"operation": "union", "left": {"operation": "union", "left": {"operation": "union", "left": {"operation": "union", "left": {"operation": "union", "left": {"operation": "union", "left": {"operation": "union", "left": {"operation": "union", "left": {"operation": "union", "left": {"operation": "union", "left": {"operation": "union", "left": {"operation": "union", "left": {"operation": "union", "left": {"operation": "union", "left": {"operation": "union", "left": {"operation": "union", "left": {"operation": "union", "left": {"operation": "union", "left": {"operation": "union", "left": {"operation": "union", "left": {"operation": "union", "left": {"operation": "union", "left": {"operation": "union", "left": {"operation": "union", "left": {"operation": "union", "left": {"operation": "union", "left": {"operation": "union", "left": {"operation": "union", "left": {"operation": "union", "left": {"operation": "union", "left": {"operation": "union", "left": {"operation": "union", "left": {"operation": "union", "left": {"operation": "union", "left": {"operation": "union", "left": {"operation": "union", "left": {"operation": "union", "left": {"operation": "union", "left": {"operation": "union", "left": {"operation": "union", "left": {"operation": "union", "left": {"operation": "union", "left": {"operation": "union", "left": {"operation": "union", "left": {"operation": "union", "left": {"operation": "union", "left": {"operation": "union", "left": {"operation": "union", "left": {"operation": "union", "left": {"operation": "union", "left": {"operation": "union", "left": {"operation": "union", "left": {"operation": "union", "left": {"operation": "union", "left": {"operation": "union", "left": {"operation": "union", "left": {"operation": "union", "left": {"operation": "union", "left": {"operation": "union", "left": {"operation": "union", "left": {"operation": "union", "left": {"operation": "union", "left": {"operation": "union", "left": {"operation": "union", "left": {"operation": "union", "left": {"operation": "union", "left": {"operation": "union", "left": {"operation": "union", "left": {"operation": "union", "left": {"operation": "union", "left": {"operation": "union", "left": {"operation": "union", "left": {"operation": "union", "left": {"operation": "union", "left": {"operation": "union", "left": {"operation": "union", "left": {"operation": "union", "left": {"operation": "union", "left": {"operation": "union", "left": {"operation": "union", "left": {"operation": "union", "left": {"operation": "union", "left": {"operation": "union", "left": {"operation": "union", "left": {"operation": "union", "left": {"operation": "union", "left": {"operation": "union", "left": {"operation": "union", "left": {"operation": "union", "left": {"operation": "union", "left": {"operation": "union", "left": {"operation": "union", "left": {"operation": "union", "left": {"operation": "union", "left": {"operation": "union", "left": {"operation": "union", "left": {"operation": "union", "left": {"operation": "union", "left": {"operation": "union", "left": {"operation": "union", "left": {"operation": "union", "left": {"operation": "union", "left": {"operation": "union", "left": {"operation": "union", "left": {"operation": "union", "left": {"operation": "union", "left": {"operation": "union", "left": {"operation": "union", "left": {"operation": "union", "left": {"operation": "union", "left": {"operation": "union", "left": {"operation": "union", "left": {"operation": "union", "left": {"operation": "union", "left": {"operation": "union", "left": {"operation": "union", "left": {"operation": "union", "left": {"operation": "union", "left": {"operation": "union", "left": {"operation": "union", "left": {"operation": "union", "left": {"operation": "union", "left": {"operation": "union", "left": {"operation": "union", "left": {"operation": "union", "left": {"operation": "union", "left": {"operation": "union", "left": {"operation": "union", "left": {"operation": "union", "left": {"operation": "union", "left": {"operation": "union", "left": {"operation": "union", "left": "results/meshes/minnie65_position-225182-107314-22000_mip-2_size-5000/ncells-200_expand-3_smoothiter-2_smoothradius-40_shrink-1/eps-4/bbox.ply", "right": "results/surfaces/minnie65_position-225182-107314-22000_mip-2_size-5000/ncells-200_expand-3_smoothiter-2_smoothradius-40_shrink-1/864691132900101626.ply"}, "right": "results/surfaces/minnie65_position-225182-107314-22000_mip-2_size-5000/ncells-200_expand-3_smoothiter-2_smoothradius-40_shrink-1/864691133140499544.ply"}, "right": "results/surfaces/minnie65_position-225182-107314-22000_mip-2_size-5000/ncells-200_expand-3_smoothiter-2_smoothradius-40_shrink-1/864691133544037529.ply"}, "right": "results/surfaces/minnie65_position-225182-107314-22000_mip-2_size-5000/ncells-200_expand-3_smoothiter-2_smoothradius-40_shrink-1/864691133591617896.ply"}, "right": "results/surfaces/minnie65_position-225182-107314-22000_mip-2_size-5000/ncells-200_expand-3_smoothiter-2_smoothradius-40_shrink-1/864691133685174284.ply"}, "right": "results/surfaces/minnie65_position-225182-107314-22000_mip-2_size-5000/ncells-200_expand-3_smoothiter-2_smoothradius-40_shrink-1/864691133685180428.ply"}, "right": "results/surfaces/minnie65_position-225182-107314-22000_mip-2_size-5000/ncells-200_expand-3_smoothiter-2_smoothradius-40_shrink-1/864691134617300529.ply"}, "right": "results/surfaces/minnie65_position-225182-107314-22000_mip-2_size-5000/ncells-200_expand-3_smoothiter-2_smoothradius-40_shrink-1/864691134617300785.ply"}, "right": "results/surfaces/minnie65_position-225182-107314-22000_mip-2_size-5000/ncells-200_expand-3_smoothiter-2_smoothradius-40_shrink-1/864691134617664049.ply"}, "right": "results/surfaces/minnie65_position-225182-107314-22000_mip-2_size-5000/ncells-200_expand-3_smoothiter-2_smoothradius-40_shrink-1/864691134617684785.ply"}, "right": "results/surfaces/minnie65_position-225182-107314-22000_mip-2_size-5000/ncells-200_expand-3_smoothiter-2_smoothradius-40_shrink-1/864691134617685041.ply"}, "right": "results/surfaces/minnie65_position-225182-107314-22000_mip-2_size-5000/ncells-200_expand-3_smoothiter-2_smoothradius-40_shrink-1/864691134617698609.ply"}, "right": "results/surfaces/minnie65_position-225182-107314-22000_mip-2_size-5000/ncells-200_expand-3_smoothiter-2_smoothradius-40_shrink-1/864691134654680431.ply"}, "right": "results/surfaces/minnie65_position-225182-107314-22000_mip-2_size-5000/ncells-200_expand-3_smoothiter-2_smoothradius-40_shrink-1/864691134654686575.ply"}, "right": "results/surfaces/minnie65_position-225182-107314-22000_mip-2_size-5000/ncells-200_expand-3_smoothiter-2_smoothradius-40_shrink-1/864691134789471156.ply"}, "right": "results/surfaces/minnie65_position-225182-107314-22000_mip-2_size-5000/ncells-200_expand-3_smoothiter-2_smoothradius-40_shrink-1/864691134789495732.ply"}, "right": "results/surfaces/minnie65_position-225182-107314-22000_mip-2_size-5000/ncells-200_expand-3_smoothiter-2_smoothradius-40_shrink-1/864691134789496244.ply"}, "right": "results/surfaces/minnie65_position-225182-107314-22000_mip-2_size-5000/ncells-200_expand-3_smoothiter-2_smoothradius-40_shrink-1/864691135012730358.ply"}, "right": "results/surfaces/minnie65_position-225182-107314-22000_mip-2_size-5000/ncells-200_expand-3_smoothiter-2_smoothradius-40_shrink-1/864691135012883094.ply"}, "right": "results/surfaces/minnie65_position-225182-107314-22000_mip-2_size-5000/ncells-200_expand-3_smoothiter-2_smoothradius-40_shrink-1/864691135081731575.ply"}, "right": "results/surfaces/minnie65_position-225182-107314-22000_mip-2_size-5000/ncells-200_expand-3_smoothiter-2_smoothradius-40_shrink-1/864691135134720537.ply"}, "right": "results/surfaces/minnie65_position-225182-107314-22000_mip-2_size-5000/ncells-200_expand-3_smoothiter-2_smoothradius-40_shrink-1/864691135179028601.ply"}, "right": "results/surfaces/minnie65_position-225182-107314-22000_mip-2_size-5000/ncells-200_expand-3_smoothiter-2_smoothradius-40_shrink-1/864691135180988537.ply"}, "right": "results/surfaces/minnie65_position-225182-107314-22000_mip-2_size-5000/ncells-200_expand-3_smoothiter-2_smoothradius-40_shrink-1/864691135188170105.ply"}, "right": "results/surfaces/minnie65_position-225182-107314-22000_mip-2_size-5000/ncells-200_expand-3_smoothiter-2_smoothradius-40_shrink-1/864691135188796793.ply"}, "right": "results/surfaces/minnie65_position-225182-107314-22000_mip-2_size-5000/ncells-200_expand-3_smoothiter-2_smoothradius-40_shrink-1/864691135190924665.ply"}, "right": "results/surfaces/minnie65_position-225182-107314-22000_mip-2_size-5000/ncells-200_expand-3_smoothiter-2_smoothradius-40_shrink-1/864691135191628153.ply"}, "right": "results/surfaces/minnie65_position-225182-107314-22000_mip-2_size-5000/ncells-200_expand-3_smoothiter-2_smoothradius-40_shrink-1/864691135191661689.ply"}, "right": "results/surfaces/minnie65_position-225182-107314-22000_mip-2_size-5000/ncells-200_expand-3_smoothiter-2_smoothradius-40_shrink-1/864691135192639097.ply"}, "right": "results/surfaces/minnie65_position-225182-107314-22000_mip-2_size-5000/ncells-200_expand-3_smoothiter-2_smoothradius-40_shrink-1/864691135253990392.ply"}, "right": "results/surfaces/minnie65_position-225182-107314-22000_mip-2_size-5000/ncells-200_expand-3_smoothiter-2_smoothradius-40_shrink-1/864691135274093029.ply"}, "right": "results/surfaces/minnie65_position-225182-107314-22000_mip-2_size-5000/ncells-200_expand-3_smoothiter-2_smoothradius-40_shrink-1/864691135337771494.ply"}, "right": "results/surfaces/minnie65_position-225182-107314-22000_mip-2_size-5000/ncells-200_expand-3_smoothiter-2_smoothradius-40_shrink-1/864691135366114750.ply"}, "right": "results/surfaces/minnie65_position-225182-107314-22000_mip-2_size-5000/ncells-200_expand-3_smoothiter-2_smoothradius-40_shrink-1/864691135367019513.ply"}, "right": "results/surfaces/minnie65_position-225182-107314-22000_mip-2_size-5000/ncells-200_expand-3_smoothiter-2_smoothradius-40_shrink-1/864691135376559806.ply"}, "right": "results/surfaces/minnie65_position-225182-107314-22000_mip-2_size-5000/ncells-200_expand-3_smoothiter-2_smoothradius-40_shrink-1/864691135376571070.ply"}, "right": "results/surfaces/minnie65_position-225182-107314-22000_mip-2_size-5000/ncells-200_expand-3_smoothiter-2_smoothradius-40_shrink-1/864691135376573118.ply"}, "right": "results/surfaces/minnie65_position-225182-107314-22000_mip-2_size-5000/ncells-200_expand-3_smoothiter-2_smoothradius-40_shrink-1/864691135378115058.ply"}, "right": "results/surfaces/minnie65_position-225182-107314-22000_mip-2_size-5000/ncells-200_expand-3_smoothiter-2_smoothradius-40_shrink-1/864691135382959088.ply"}, "right": "results/surfaces/minnie65_position-225182-107314-22000_mip-2_size-5000/ncells-200_expand-3_smoothiter-2_smoothradius-40_shrink-1/864691135388008382.ply"}, "right": "results/surfaces/minnie65_position-225182-107314-22000_mip-2_size-5000/ncells-200_expand-3_smoothiter-2_smoothradius-40_shrink-1/864691135388040638.ply"}, "right": "results/surfaces/minnie65_position-225182-107314-22000_mip-2_size-5000/ncells-200_expand-3_smoothiter-2_smoothradius-40_shrink-1/864691135398304498.ply"}, "right": "results/surfaces/minnie65_position-225182-107314-22000_mip-2_size-5000/ncells-200_expand-3_smoothiter-2_smoothradius-40_shrink-1/864691135405898686.ply"}, "right": "results/surfaces/minnie65_position-225182-107314-22000_mip-2_size-5000/ncells-200_expand-3_smoothiter-2_smoothradius-40_shrink-1/864691135405900478.ply"}, "right": "results/surfaces/minnie65_position-225182-107314-22000_mip-2_size-5000/ncells-200_expand-3_smoothiter-2_smoothradius-40_shrink-1/864691135405904830.ply"}, "right": "results/surfaces/minnie65_position-225182-107314-22000_mip-2_size-5000/ncells-200_expand-3_smoothiter-2_smoothradius-40_shrink-1/864691135405934782.ply"}, "right": "results/surfaces/minnie65_position-225182-107314-22000_mip-2_size-5000/ncells-200_expand-3_smoothiter-2_smoothradius-40_shrink-1/864691135405946302.ply"}, "right": "results/surfaces/minnie65_position-225182-107314-22000_mip-2_size-5000/ncells-200_expand-3_smoothiter-2_smoothradius-40_shrink-1/864691135405946558.ply"}, "right": "results/surfaces/minnie65_position-225182-107314-22000_mip-2_size-5000/ncells-200_expand-3_smoothiter-2_smoothradius-40_shrink-1/864691135405947326.ply"}, "right": "results/surfaces/minnie65_position-225182-107314-22000_mip-2_size-5000/ncells-200_expand-3_smoothiter-2_smoothradius-40_shrink-1/864691135406443760.ply"}, "right": "results/surfaces/minnie65_position-225182-107314-22000_mip-2_size-5000/ncells-200_expand-3_smoothiter-2_smoothradius-40_shrink-1/864691135406595568.ply"}, "right": "results/surfaces/minnie65_position-225182-107314-22000_mip-2_size-5000/ncells-200_expand-3_smoothiter-2_smoothradius-40_shrink-1/864691135406824382.ply"}, "right": "results/surfaces/minnie65_position-225182-107314-22000_mip-2_size-5000/ncells-200_expand-3_smoothiter-2_smoothradius-40_shrink-1/864691135418694501.ply"}, "right": "results/surfaces/minnie65_position-225182-107314-22000_mip-2_size-5000/ncells-200_expand-3_smoothiter-2_smoothradius-40_shrink-1/864691135418702693.ply"}, "right": "results/surfaces/minnie65_position-225182-107314-22000_mip-2_size-5000/ncells-200_expand-3_smoothiter-2_smoothradius-40_shrink-1/864691135418707557.ply"}, "right": "results/surfaces/minnie65_position-225182-107314-22000_mip-2_size-5000/ncells-200_expand-3_smoothiter-2_smoothradius-40_shrink-1/864691135418739813.ply"}, "right": "results/surfaces/minnie65_position-225182-107314-22000_mip-2_size-5000/ncells-200_expand-3_smoothiter-2_smoothradius-40_shrink-1/864691135418741093.ply"}, "right": "results/surfaces/minnie65_position-225182-107314-22000_mip-2_size-5000/ncells-200_expand-3_smoothiter-2_smoothradius-40_shrink-1/864691135418763621.ply"}, "right": "results/surfaces/minnie65_position-225182-107314-22000_mip-2_size-5000/ncells-200_expand-3_smoothiter-2_smoothradius-40_shrink-1/864691135418774117.ply"}, "right": "results/surfaces/minnie65_position-225182-107314-22000_mip-2_size-5000/ncells-200_expand-3_smoothiter-2_smoothradius-40_shrink-1/864691135418774373.ply"}, "right": "results/surfaces/minnie65_position-225182-107314-22000_mip-2_size-5000/ncells-200_expand-3_smoothiter-2_smoothradius-40_shrink-1/864691135419458917.ply"}, "right": "results/surfaces/minnie65_position-225182-107314-22000_mip-2_size-5000/ncells-200_expand-3_smoothiter-2_smoothradius-40_shrink-1/864691135419485797.ply"}, "right": "results/surfaces/minnie65_position-225182-107314-22000_mip-2_size-5000/ncells-200_expand-3_smoothiter-2_smoothradius-40_shrink-1/864691135419985509.ply"}, "right": "results/surfaces/minnie65_position-225182-107314-22000_mip-2_size-5000/ncells-200_expand-3_smoothiter-2_smoothradius-40_shrink-1/864691135419997285.ply"}, "right": "results/surfaces/minnie65_position-225182-107314-22000_mip-2_size-5000/ncells-200_expand-3_smoothiter-2_smoothradius-40_shrink-1/864691135420004197.ply"}, "right": "results/surfaces/minnie65_position-225182-107314-22000_mip-2_size-5000/ncells-200_expand-3_smoothiter-2_smoothradius-40_shrink-1/864691135420816485.ply"}, "right": "results/surfaces/minnie65_position-225182-107314-22000_mip-2_size-5000/ncells-200_expand-3_smoothiter-2_smoothradius-40_shrink-1/864691135420860517.ply"}, "right": "results/surfaces/minnie65_position-225182-107314-22000_mip-2_size-5000/ncells-200_expand-3_smoothiter-2_smoothradius-40_shrink-1/864691135420861029.ply"}, "right": "results/surfaces/minnie65_position-225182-107314-22000_mip-2_size-5000/ncells-200_expand-3_smoothiter-2_smoothradius-40_shrink-1/864691135420861541.ply"}, "right": "results/surfaces/minnie65_position-225182-107314-22000_mip-2_size-5000/ncells-200_expand-3_smoothiter-2_smoothradius-40_shrink-1/864691135420861797.ply"}, "right": "results/surfaces/minnie65_position-225182-107314-22000_mip-2_size-5000/ncells-200_expand-3_smoothiter-2_smoothradius-40_shrink-1/864691135420914021.ply"}, "right": "results/surfaces/minnie65_position-225182-107314-22000_mip-2_size-5000/ncells-200_expand-3_smoothiter-2_smoothradius-40_shrink-1/864691135420915301.ply"}, "right": "results/surfaces/minnie65_position-225182-107314-22000_mip-2_size-5000/ncells-200_expand-3_smoothiter-2_smoothradius-40_shrink-1/864691135420928613.ply"}, "right": "results/surfaces/minnie65_position-225182-107314-22000_mip-2_size-5000/ncells-200_expand-3_smoothiter-2_smoothradius-40_shrink-1/864691135420928869.ply"}, "right": "results/surfaces/minnie65_position-225182-107314-22000_mip-2_size-5000/ncells-200_expand-3_smoothiter-2_smoothradius-40_shrink-1/864691135432738546.ply"}, "right": "results/surfaces/minnie65_position-225182-107314-22000_mip-2_size-5000/ncells-200_expand-3_smoothiter-2_smoothradius-40_shrink-1/864691135438224229.ply"}, "right": "results/surfaces/minnie65_position-225182-107314-22000_mip-2_size-5000/ncells-200_expand-3_smoothiter-2_smoothradius-40_shrink-1/864691135439632171.ply"}, "right": "results/surfaces/minnie65_position-225182-107314-22000_mip-2_size-5000/ncells-200_expand-3_smoothiter-2_smoothradius-40_shrink-1/864691135451061803.ply"}, "right": "results/surfaces/minnie65_position-225182-107314-22000_mip-2_size-5000/ncells-200_expand-3_smoothiter-2_smoothradius-40_shrink-1/864691135453033515.ply"}, "right": "results/surfaces/minnie65_position-225182-107314-22000_mip-2_size-5000/ncells-200_expand-3_smoothiter-2_smoothradius-40_shrink-1/864691135460272229.ply"}, "right": "results/surfaces/minnie65_position-225182-107314-22000_mip-2_size-5000/ncells-200_expand-3_smoothiter-2_smoothradius-40_shrink-1/864691135462270365.ply"}, "right": "results/surfaces/minnie65_position-225182-107314-22000_mip-2_size-5000/ncells-200_expand-3_smoothiter-2_smoothradius-40_shrink-1/864691135462717246.ply"}, "right": "results/surfaces/minnie65_position-225182-107314-22000_mip-2_size-5000/ncells-200_expand-3_smoothiter-2_smoothradius-40_shrink-1/864691135472179506.ply"}, "right": "results/surfaces/minnie65_position-225182-107314-22000_mip-2_size-5000/ncells-200_expand-3_smoothiter-2_smoothradius-40_shrink-1/864691135490822119.ply"}, "right": "results/surfaces/minnie65_position-225182-107314-22000_mip-2_size-5000/ncells-200_expand-3_smoothiter-2_smoothradius-40_shrink-1/864691135501603138.ply"}, "right": "results/surfaces/minnie65_position-225182-107314-22000_mip-2_size-5000/ncells-200_expand-3_smoothiter-2_smoothradius-40_shrink-1/864691135503752178.ply"}, "right": "results/surfaces/minnie65_position-225182-107314-22000_mip-2_size-5000/ncells-200_expand-3_smoothiter-2_smoothradius-40_shrink-1/864691135522500804.ply"}, "right": "results/surfaces/minnie65_position-225182-107314-22000_mip-2_size-5000/ncells-200_expand-3_smoothiter-2_smoothradius-40_shrink-1/864691135538058610.ply"}, "right": "results/surfaces/minnie65_position-225182-107314-22000_mip-2_size-5000/ncells-200_expand-3_smoothiter-2_smoothradius-40_shrink-1/864691135546352068.ply"}, "right": "results/surfaces/minnie65_position-225182-107314-22000_mip-2_size-5000/ncells-200_expand-3_smoothiter-2_smoothradius-40_shrink-1/864691135560532961.ply"}, "right": "results/surfaces/minnie65_position-225182-107314-22000_mip-2_size-5000/ncells-200_expand-3_smoothiter-2_smoothradius-40_shrink-1/864691135564547607.ply"}, "right": "results/surfaces/minnie65_position-225182-107314-22000_mip-2_size-5000/ncells-200_expand-3_smoothiter-2_smoothradius-40_shrink-1/864691135576127966.ply"}, "right": "results/surfaces/minnie65_position-225182-107314-22000_mip-2_size-5000/ncells-200_expand-3_smoothiter-2_smoothradius-40_shrink-1/864691135576261086.ply"}, "right": "results/surfaces/minnie65_position-225182-107314-22000_mip-2_size-5000/ncells-200_expand-3_smoothiter-2_smoothradius-40_shrink-1/864691135584249411.ply"}, "right": "results/surfaces/minnie65_position-225182-107314-22000_mip-2_size-5000/ncells-200_expand-3_smoothiter-2_smoothradius-40_shrink-1/864691135585319292.ply"}, "right": "results/surfaces/minnie65_position-225182-107314-22000_mip-2_size-5000/ncells-200_expand-3_smoothiter-2_smoothradius-40_shrink-1/864691135585812291.ply"}, "right": "results/surfaces/minnie65_position-225182-107314-22000_mip-2_size-5000/ncells-200_expand-3_smoothiter-2_smoothradius-40_shrink-1/864691135593721448.ply"}, "right": "results/surfaces/minnie65_position-225182-107314-22000_mip-2_size-5000/ncells-200_expand-3_smoothiter-2_smoothradius-40_shrink-1/864691135600739395.ply"}, "right": "results/surfaces/minnie65_position-225182-107314-22000_mip-2_size-5000/ncells-200_expand-3_smoothiter-2_smoothradius-40_shrink-1/864691135606151747.ply"}, "right": "results/surfaces/minnie65_position-225182-107314-22000_mip-2_size-5000/ncells-200_expand-3_smoothiter-2_smoothradius-40_shrink-1/864691135608873539.ply"}, "right": "results/surfaces/minnie65_position-225182-107314-22000_mip-2_size-5000/ncells-200_expand-3_smoothiter-2_smoothradius-40_shrink-1/864691135609225539.ply"}, "right": "results/surfaces/minnie65_position-225182-107314-22000_mip-2_size-5000/ncells-200_expand-3_smoothiter-2_smoothradius-40_shrink-1/864691135617829519.ply"}, "right": "results/surfaces/minnie65_position-225182-107314-22000_mip-2_size-5000/ncells-200_expand-3_smoothiter-2_smoothradius-40_shrink-1/864691135622071875.ply"}, "right": "results/surfaces/minnie65_position-225182-107314-22000_mip-2_size-5000/ncells-200_expand-3_smoothiter-2_smoothradius-40_shrink-1/864691135629311043.ply"}, "right": "results/surfaces/minnie65_position-225182-107314-22000_mip-2_size-5000/ncells-200_expand-3_smoothiter-2_smoothradius-40_shrink-1/864691135641207363.ply"}, "right": "results/surfaces/minnie65_position-225182-107314-22000_mip-2_size-5000/ncells-200_expand-3_smoothiter-2_smoothradius-40_shrink-1/864691135644558575.ply"}, "right": "results/surfaces/minnie65_position-225182-107314-22000_mip-2_size-5000/ncells-200_expand-3_smoothiter-2_smoothradius-40_shrink-1/864691135646642243.ply"}, "right": "results/surfaces/minnie65_position-225182-107314-22000_mip-2_size-5000/ncells-200_expand-3_smoothiter-2_smoothradius-40_shrink-1/864691135650057795.ply"}, "right": "results/surfaces/minnie65_position-225182-107314-22000_mip-2_size-5000/ncells-200_expand-3_smoothiter-2_smoothradius-40_shrink-1/864691135656041182.ply"}, "right": "results/surfaces/minnie65_position-225182-107314-22000_mip-2_size-5000/ncells-200_expand-3_smoothiter-2_smoothradius-40_shrink-1/864691135657776258.ply"}, "right": "results/surfaces/minnie65_position-225182-107314-22000_mip-2_size-5000/ncells-200_expand-3_smoothiter-2_smoothradius-40_shrink-1/864691135661930974.ply"}, "right": "results/surfaces/minnie65_position-225182-107314-22000_mip-2_size-5000/ncells-200_expand-3_smoothiter-2_smoothradius-40_shrink-1/864691135675330756.ply"}, "right": "results/surfaces/minnie65_position-225182-107314-22000_mip-2_size-5000/ncells-200_expand-3_smoothiter-2_smoothradius-40_shrink-1/864691135700274555.ply"}, "right": "results/surfaces/minnie65_position-225182-107314-22000_mip-2_size-5000/ncells-200_expand-3_smoothiter-2_smoothradius-40_shrink-1/864691135730504296.ply"}, "right": "results/surfaces/minnie65_position-225182-107314-22000_mip-2_size-5000/ncells-200_expand-3_smoothiter-2_smoothradius-40_shrink-1/864691135737507697.ply"}, "right": "results/surfaces/minnie65_position-225182-107314-22000_mip-2_size-5000/ncells-200_expand-3_smoothiter-2_smoothradius-40_shrink-1/864691135739633512.ply"}, "right": "results/surfaces/minnie65_position-225182-107314-22000_mip-2_size-5000/ncells-200_expand-3_smoothiter-2_smoothradius-40_shrink-1/864691135747024008.ply"}, "right": "results/surfaces/minnie65_position-225182-107314-22000_mip-2_size-5000/ncells-200_expand-3_smoothiter-2_smoothradius-40_shrink-1/864691135748005512.ply"}, "right": "results/surfaces/minnie65_position-225182-107314-22000_mip-2_size-5000/ncells-200_expand-3_smoothiter-2_smoothradius-40_shrink-1/864691135749061512.ply"}, "right": "results/surfaces/minnie65_position-225182-107314-22000_mip-2_size-5000/ncells-200_expand-3_smoothiter-2_smoothradius-40_shrink-1/864691135758461544.ply"}, "right": "results/surfaces/minnie65_position-225182-107314-22000_mip-2_size-5000/ncells-200_expand-3_smoothiter-2_smoothradius-40_shrink-1/864691135758477390.ply"}, "right": "results/surfaces/minnie65_position-225182-107314-22000_mip-2_size-5000/ncells-200_expand-3_smoothiter-2_smoothradius-40_shrink-1/864691135758594664.ply"}, "right": "results/surfaces/minnie65_position-225182-107314-22000_mip-2_size-5000/ncells-200_expand-3_smoothiter-2_smoothradius-40_shrink-1/864691135777916264.ply"}, "right": "results/surfaces/minnie65_position-225182-107314-22000_mip-2_size-5000/ncells-200_expand-3_smoothiter-2_smoothradius-40_shrink-1/864691135781047888.ply"}, "right": "results/surfaces/minnie65_position-225182-107314-22000_mip-2_size-5000/ncells-200_expand-3_smoothiter-2_smoothradius-40_shrink-1/864691135791670494.ply"}, "right": "results/surfaces/minnie65_position-225182-107314-22000_mip-2_size-5000/ncells-200_expand-3_smoothiter-2_smoothradius-40_shrink-1/864691135864483806.ply"}, "right": "results/surfaces/minnie65_position-225182-107314-22000_mip-2_size-5000/ncells-200_expand-3_smoothiter-2_smoothradius-40_shrink-1/864691135865833349.ply"}, "right": "results/surfaces/minnie65_position-225182-107314-22000_mip-2_size-5000/ncells-200_expand-3_smoothiter-2_smoothradius-40_shrink-1/864691135872538078.ply"}, "right": "results/surfaces/minnie65_position-225182-107314-22000_mip-2_size-5000/ncells-200_expand-3_smoothiter-2_smoothradius-40_shrink-1/864691135903760606.ply"}, "right": "results/surfaces/minnie65_position-225182-107314-22000_mip-2_size-5000/ncells-200_expand-3_smoothiter-2_smoothradius-40_shrink-1/864691135926430932.ply"}, "right": "results/surfaces/minnie65_position-225182-107314-22000_mip-2_size-5000/ncells-200_expand-3_smoothiter-2_smoothradius-40_shrink-1/864691135937206020.ply"}, "right": "results/surfaces/minnie65_position-225182-107314-22000_mip-2_size-5000/ncells-200_expand-3_smoothiter-2_smoothradius-40_shrink-1/864691135986902531.ply"}, "right": "results/surfaces/minnie65_position-225182-107314-22000_mip-2_size-5000/ncells-200_expand-3_smoothiter-2_smoothradius-40_shrink-1/864691135987642504.ply"}, "right": "results/surfaces/minnie65_position-225182-107314-22000_mip-2_size-5000/ncells-200_expand-3_smoothiter-2_smoothradius-40_shrink-1/864691135988325768.ply"}, "right": "results/surfaces/minnie65_position-225182-107314-22000_mip-2_size-5000/ncells-200_expand-3_smoothiter-2_smoothradius-40_shrink-1/864691135989549192.ply"}, "right": "results/surfaces/minnie65_position-225182-107314-22000_mip-2_size-5000/ncells-200_expand-3_smoothiter-2_smoothradius-40_shrink-1/864691135991307400.ply"}, "right": "results/surfaces/minnie65_position-225182-107314-22000_mip-2_size-5000/ncells-200_expand-3_smoothiter-2_smoothradius-40_shrink-1/864691135991310472.ply"}, "right": "results/surfaces/minnie65_position-225182-107314-22000_mip-2_size-5000/ncells-200_expand-3_smoothiter-2_smoothradius-40_shrink-1/864691135992079240.ply"}, "right": "results/surfaces/minnie65_position-225182-107314-22000_mip-2_size-5000/ncells-200_expand-3_smoothiter-2_smoothradius-40_shrink-1/864691135992201608.ply"}, "right": "results/surfaces/minnie65_position-225182-107314-22000_mip-2_size-5000/ncells-200_expand-3_smoothiter-2_smoothradius-40_shrink-1/864691135992265608.ply"}, "right": "results/surfaces/minnie65_position-225182-107314-22000_mip-2_size-5000/ncells-200_expand-3_smoothiter-2_smoothradius-40_shrink-1/864691135992445832.ply"}, "right": "results/surfaces/minnie65_position-225182-107314-22000_mip-2_size-5000/ncells-200_expand-3_smoothiter-2_smoothradius-40_shrink-1/864691135992614024.ply"}, "right": "results/surfaces/minnie65_position-225182-107314-22000_mip-2_size-5000/ncells-200_expand-3_smoothiter-2_smoothradius-40_shrink-1/864691135992644744.ply"}, "right": "results/surfaces/minnie65_position-225182-107314-22000_mip-2_size-5000/ncells-200_expand-3_smoothiter-2_smoothradius-40_shrink-1/864691136000375688.ply"}, "right": "results/surfaces/minnie65_position-225182-107314-22000_mip-2_size-5000/ncells-200_expand-3_smoothiter-2_smoothradius-40_shrink-1/864691136011796360.ply"}, "right": "results/surfaces/minnie65_position-225182-107314-22000_mip-2_size-5000/ncells-200_expand-3_smoothiter-2_smoothradius-40_shrink-1/864691136021728904.ply"}, "right": "results/surfaces/minnie65_position-225182-107314-22000_mip-2_size-5000/ncells-200_expand-3_smoothiter-2_smoothradius-40_shrink-1/864691136039413758.ply"}, "right": "results/surfaces/minnie65_position-225182-107314-22000_mip-2_size-5000/ncells-200_expand-3_smoothiter-2_smoothradius-40_shrink-1/864691136055386841.ply"}, "right": "results/surfaces/minnie65_position-225182-107314-22000_mip-2_size-5000/ncells-200_expand-3_smoothiter-2_smoothradius-40_shrink-1/864691136085065689.ply"}, "right": "results/surfaces/minnie65_position-225182-107314-22000_mip-2_size-5000/ncells-200_expand-3_smoothiter-2_smoothradius-40_shrink-1/864691136087859417.ply"}, "right": "results/surfaces/minnie65_position-225182-107314-22000_mip-2_size-5000/ncells-200_expand-3_smoothiter-2_smoothradius-40_shrink-1/864691136087905753.ply"}, "right": "results/surfaces/minnie65_position-225182-107314-22000_mip-2_size-5000/ncells-200_expand-3_smoothiter-2_smoothradius-40_shrink-1/864691136090394585.ply"}, "right": "results/surfaces/minnie65_position-225182-107314-22000_mip-2_size-5000/ncells-200_expand-3_smoothiter-2_smoothradius-40_shrink-1/864691136090426073.ply"}, "right": "results/surfaces/minnie65_position-225182-107314-22000_mip-2_size-5000/ncells-200_expand-3_smoothiter-2_smoothradius-40_shrink-1/864691136090451929.ply"}, "right": "results/surfaces/minnie65_position-225182-107314-22000_mip-2_size-5000/ncells-200_expand-3_smoothiter-2_smoothradius-40_shrink-1/864691136090453721.ply"}, "right": "results/surfaces/minnie65_position-225182-107314-22000_mip-2_size-5000/ncells-200_expand-3_smoothiter-2_smoothradius-40_shrink-1/864691136090457561.ply"}, "right": "results/surfaces/minnie65_position-225182-107314-22000_mip-2_size-5000/ncells-200_expand-3_smoothiter-2_smoothradius-40_shrink-1/864691136090493401.ply"}, "right": "results/surfaces/minnie65_position-225182-107314-22000_mip-2_size-5000/ncells-200_expand-3_smoothiter-2_smoothradius-40_shrink-1/864691136090494681.ply"}, "right": "results/surfaces/minnie65_position-225182-107314-22000_mip-2_size-5000/ncells-200_expand-3_smoothiter-2_smoothradius-40_shrink-1/864691136090691289.ply"}, "right": "results/surfaces/minnie65_position-225182-107314-22000_mip-2_size-5000/ncells-200_expand-3_smoothiter-2_smoothradius-40_shrink-1/864691136093638617.ply"}, "right": "results/surfaces/minnie65_position-225182-107314-22000_mip-2_size-5000/ncells-200_expand-3_smoothiter-2_smoothradius-40_shrink-1/864691136093639897.ply"}, "right": "results/surfaces/minnie65_position-225182-107314-22000_mip-2_size-5000/ncells-200_expand-3_smoothiter-2_smoothradius-40_shrink-1/864691136093640153.ply"}, "right": "results/surfaces/minnie65_position-225182-107314-22000_mip-2_size-5000/ncells-200_expand-3_smoothiter-2_smoothradius-40_shrink-1/864691136093641177.ply"}, "right": "results/surfaces/minnie65_position-225182-107314-22000_mip-2_size-5000/ncells-200_expand-3_smoothiter-2_smoothradius-40_shrink-1/864691136093661145.ply"}, "right": "results/surfaces/minnie65_position-225182-107314-22000_mip-2_size-5000/ncells-200_expand-3_smoothiter-2_smoothradius-40_shrink-1/864691136093666009.ply"}, "right": "results/surfaces/minnie65_position-225182-107314-22000_mip-2_size-5000/ncells-200_expand-3_smoothiter-2_smoothradius-40_shrink-1/864691136093672409.ply"}, "right": "results/surfaces/minnie65_position-225182-107314-22000_mip-2_size-5000/ncells-200_expand-3_smoothiter-2_smoothradius-40_shrink-1/864691136093672921.ply"}, "right": "results/surfaces/minnie65_position-225182-107314-22000_mip-2_size-5000/ncells-200_expand-3_smoothiter-2_smoothradius-40_shrink-1/864691136093673177.ply"}, "right": "results/surfaces/minnie65_position-225182-107314-22000_mip-2_size-5000/ncells-200_expand-3_smoothiter-2_smoothradius-40_shrink-1/864691136093673433.ply"}, "right": "results/surfaces/minnie65_position-225182-107314-22000_mip-2_size-5000/ncells-200_expand-3_smoothiter-2_smoothradius-40_shrink-1/864691136093679833.ply"}, "right": "results/surfaces/minnie65_position-225182-107314-22000_mip-2_size-5000/ncells-200_expand-3_smoothiter-2_smoothradius-40_shrink-1/864691136093717721.ply"}, "right": "results/surfaces/minnie65_position-225182-107314-22000_mip-2_size-5000/ncells-200_expand-3_smoothiter-2_smoothradius-40_shrink-1/864691136094212057.ply"}, "right": "results/surfaces/minnie65_position-225182-107314-22000_mip-2_size-5000/ncells-200_expand-3_smoothiter-2_smoothradius-40_shrink-1/864691136094217945.ply"}, "right": "results/surfaces/minnie65_position-225182-107314-22000_mip-2_size-5000/ncells-200_expand-3_smoothiter-2_smoothradius-40_shrink-1/864691136094231769.ply"}, "right": "results/surfaces/minnie65_position-225182-107314-22000_mip-2_size-5000/ncells-200_expand-3_smoothiter-2_smoothradius-40_shrink-1/864691136094252761.ply"}, "right": "results/surfaces/minnie65_position-225182-107314-22000_mip-2_size-5000/ncells-200_expand-3_smoothiter-2_smoothradius-40_shrink-1/864691136094260185.ply"}, "right": "results/surfaces/minnie65_position-225182-107314-22000_mip-2_size-5000/ncells-200_expand-3_smoothiter-2_smoothradius-40_shrink-1/864691136140629510.ply"}, "right": "results/surfaces/minnie65_position-225182-107314-22000_mip-2_size-5000/ncells-200_expand-3_smoothiter-2_smoothradius-40_shrink-1/864691136143425588.ply"}, "right": "results/surfaces/minnie65_position-225182-107314-22000_mip-2_size-5000/ncells-200_expand-3_smoothiter-2_smoothradius-40_shrink-1/864691136153861638.ply"}, "right": "results/surfaces/minnie65_position-225182-107314-22000_mip-2_size-5000/ncells-200_expand-3_smoothiter-2_smoothradius-40_shrink-1/864691136266509812.ply"}, "right": "results/surfaces/minnie65_position-225182-107314-22000_mip-2_size-5000/ncells-200_expand-3_smoothiter-2_smoothradius-40_shrink-1/864691136309927514.ply"}, "right": "results/surfaces/minnie65_position-225182-107314-22000_mip-2_size-5000/ncells-200_expand-3_smoothiter-2_smoothradius-40_shrink-1/864691136451110143.ply"}, "right": "results/surfaces/minnie65_position-225182-107314-22000_mip-2_size-5000/ncells-200_expand-3_smoothiter-2_smoothradius-40_shrink-1/864691136680599670.ply"}, "right": "results/surfaces/minnie65_position-225182-107314-22000_mip-2_size-5000/ncells-200_expand-3_smoothiter-2_smoothradius-40_shrink-1/864691136680712566.ply"}, "right": "results/surfaces/minnie65_position-225182-107314-22000_mip-2_size-5000/ncells-200_expand-3_smoothiter-2_smoothradius-40_shrink-1/864691136682513270.ply"}, "right": "results/surfaces/minnie65_position-225182-107314-22000_mip-2_size-5000/ncells-200_expand-3_smoothiter-2_smoothradius-40_shrink-1/864691136683464310.ply"}, "right": "results/surfaces/minnie65_position-225182-107314-22000_mip-2_size-5000/ncells-200_expand-3_smoothiter-2_smoothradius-40_shrink-1/864691136683951990.ply"}, "right": "results/surfaces/minnie65_position-225182-107314-22000_mip-2_size-5000/ncells-200_expand-3_smoothiter-2_smoothradius-40_shrink-1/864691136694263662.ply"}, "right": "results/surfaces/minnie65_position-225182-107314-22000_mip-2_size-5000/ncells-200_expand-3_smoothiter-2_smoothradius-40_shrink-1/864691136698702966.ply"}, "right": "results/surfaces/minnie65_position-225182-107314-22000_mip-2_size-5000/ncells-200_expand-3_smoothiter-2_smoothradius-40_shrink-1/864691136702736758.ply"}, "right": "results/surfaces/minnie65_position-225182-107314-22000_mip-2_size-5000/ncells-200_expand-3_smoothiter-2_smoothradius-40_shrink-1/864691136703242094.ply"}, "right": "results/surfaces/minnie65_position-225182-107314-22000_mip-2_size-5000/ncells-200_expand-3_smoothiter-2_smoothradius-40_shrink-1/864691136719820918.ply"}, "right": "results/surfaces/minnie65_position-225182-107314-22000_mip-2_size-5000/ncells-200_expand-3_smoothiter-2_smoothradius-40_shrink-1/864691136723585021.ply"}, "right": "results/surfaces/minnie65_position-225182-107314-22000_mip-2_size-5000/ncells-200_expand-3_smoothiter-2_smoothradius-40_shrink-1/864691136729134710.ply"}, "right": "results/surfaces/minnie65_position-225182-107314-22000_mip-2_size-5000/ncells-200_expand-3_smoothiter-2_smoothradius-40_shrink-1/864691136730641270.ply"}, "right": "results/surfaces/minnie65_position-225182-107314-22000_mip-2_size-5000/ncells-200_expand-3_smoothiter-2_smoothradius-40_shrink-1/864691136735419254.ply"}, "right": "results/surfaces/minnie65_position-225182-107314-22000_mip-2_size-5000/ncells-200_expand-3_smoothiter-2_smoothradius-40_shrink-1/864691136912917870.ply"}, "right": "results/surfaces/minnie65_position-225182-107314-22000_mip-2_size-5000/ncells-200_expand-3_smoothiter-2_smoothradius-40_shrink-1/864691136973657884.ply"}