{"operation": "union", "left": {"operation": "union", "left": {"operation": "union", "left": {"operation": "union", "left": {"operation": "union", "left": "results/meshes/minnie65_position-225182-107314-22000_mip-2_size-5000/ncells-5_expand-3_smoothiter-2_smoothradius-40_shrink-1/eps-4/bbox.ply", "right": "results/surfaces/minnie65_position-225182-107314-22000_mip-2_size-5000/ncells-5_expand-3_smoothiter-2_smoothradius-40_shrink-1/864691135012730358.ply"}, "right": "results/surfaces/minnie65_position-225182-107314-22000_mip-2_size-5000/ncells-5_expand-3_smoothiter-2_smoothradius-40_shrink-1/864691135081731575.ply"}, "right": "results/surfaces/minnie65_position-225182-107314-22000_mip-2_size-5000/ncells-5_expand-3_smoothiter-2_smoothradius-40_shrink-1/864691135337771494.ply"}, "right": "results/surfaces/minnie65_position-225182-107314-22000_mip-2_size-5000/ncells-5_expand-3_smoothiter-2_smoothradius-40_shrink-1/864691135419985509.ply"}, "right": "results/surfaces/minnie65_position-225182-107314-22000_mip-2_size-5000/ncells-5_expand-3_smoothiter-2_smoothradius-40_shrink-1/864691135937206020.ply"}